{"file_hashes":[{"block_hashes":["fqc9o71hMMY4Tj5v7yUlTd5lU6KXerbieT/Hm6E39nI="],"block_size":4096,"path":"_locales/vn/messages.json"},{"block_hashes":["8B5Fxg53BLBN+uqjKVQK/Zq7gaVJPwtGhi4Xwhfkaps=","fCm5QgvPlIiuZKgkoan/LlhfaZiFRPuq545rZ2sDxwA=","6R1258AbTOMItvsYVqOACYYfxmrjbLhX5PUDX+TP8Ng=","o0ujzv9y1Hd4b5RUlJ3USweXic68URaN4ppJ0smLRPw=","vnfd+V2Isd9dzQSTtQZxRmDDj2snceNnJvb+rAdja6o=","pLrBEpqeY3ipOgDKK63o4MBSg6jserkKyfpqpgVIshA=","3GqE5TU7AA3wKlj12WG529vwUiUAFgPSpj8BGqd1JfE=","LP0gCHumYCDdCvkkBYUmsmWDKH5gBEjg4HTGTIROF64=","/VqTq4VKFpRvFKo0H9HJaUu2in34l8RkaczZyWHw+hM=","dEZyRA0VW5q6ltyXZVc3tJ9g3l7PwX2KVwgwlEfxHj4=","b+Atui2isKRXSzT7B9P4sdk/5LtdghMZZ1BMj2HZpkA=","SI77NTkbqxr4ZtE5X0nY8y/U7lIXnhSFgY33rvrSkHg=","CDLr1HZJGSKzitn31XcVlbYoMv4HYutkj3pqoyccdKo=","WwX6T7lM9lvoleYUyF7IpMCLWnxWgRI/36ZHA5vWm+g=","6d6hFQiCRQwmTuwH/SF2XMY9dfGDOkYSxgudXiW+Y9A="],"block_size":4096,"path":"background.js"},{"block_hashes":["loNkDMtIsATiNzAANhC1/TRddgFCyWTPcNxAdAgeyH0="],"block_size":4096,"path":"captured.html"},{"block_hashes":["OdoYRSH+TpoeTanMERpn17oEqcMILJcTiQhgg7pwNy4=","L1epz19lC04sYxL/pt1La9oiChsxJ3Mt5cjxySCRwO0=","/lEFQBlf7gr6aRhDkYPZUdMFxLoIs4ArtCMXNhZWHNo=","+R8qXZT08hW0W5aOCT2FPef4bJaipnKHBiXo3k0Ttw0=","DtJduOT06fvQpPfGMHRD4RvaeQgL+gZoYDPUXev6BzQ="],"block_size":4096,"path":"content.js"},{"block_hashes":["b2Nsgb/RIcv61wdJknbG7T+PIMwq8ira37Wai1a79BA="],"block_size":4096,"path":"debug.js"},{"block_hashes":["9qwW79a72SFlNLuQiJB9XWpfTu0WdU7u2rk914MZGxg="],"block_size":4096,"path":"document.js"},{"block_hashes":["oCLe0k4uK16MA4gQn0YXZHtyqaBlQPQ4sCQ5hao/xD4="],"block_size":4096,"path":"images/headBkgd.gif"},{"block_hashes":["L5TUI5FLWgvBWExSITyo630Sb0f+fyiA1z3CxdoAlAc=","+KRgcR54R2jXElJBVZ1Sgtm+u9s0rXLXzCGjj+GskpQ=","2HR20DovSWX9oOpI37+mOMQ1Gy97EYVTIeG6UBsNtAc=","OI4G2JVsHZAdl6YQSTUwDjjv2QKGf3a0y4C3yRa8Rdw="],"block_size":4096,"path":"images/headTitle.gif"},{"block_hashes":["/rH4uoUDiM3iJfydmpvG8nzoTrOZ07+LdCLgyzGuRno="],"block_size":4096,"path":"images/logo16x.png"},{"block_hashes":["FhgbZOAIQbaM9gWl451/1W4kSZgltAT+T7O0d+VuhOg="],"block_size":4096,"path":"images/logo32x.png"},{"block_hashes":["SnqpFIv/oiDgHqEG367EMqQtjVUAWtprb0e8BY3MalA="],"block_size":4096,"path":"images/logoTonec.gif"},{"block_hashes":["M7xjQLYOq5+2dm8xImFL5l8Iw6X0c8NraV7719JM+Dc=","Ynr3ydp7PAA0XWZH8M3KbYw+57a6oYyNnA0oi40tWOg=","5VMEr4iYZ/Z52DanBSFbLJB/BHZA1FZWImsBqimL5PI="],"block_size":4096,"path":"welcome.html"},{"block_hashes":["7ZsPWvo41ezzrS5PKK27N6lyGb3evKvuiAjUtLuR+r8="],"block_size":4096,"path":"welcome.js"}],"version":2}